source_name,source_type,title,url,text,scraped_at
sekty.tv,web,Časopisy Školy Aria,https://sekty.tv/2025/04/14/casopisy-skoly-aria/,Archivní materiály Kocour_82-89 Stáhnout Kocour_90-96 Stáhnout,2025-06-18T22:12:31.520633
sekty.tv,web,Těžké ublížení na zdraví dítěte ve 12 kmenech ve Skalné,https://sekty.tv/2025/06/04/tezke-ublizeni-na-zdravi-ditete-ve-12-kmenech-ve-skalne/,,2025-06-18T22:12:31.572109
sekty.tv,web,Arnold Varvarinec – soudní dokumenty,https://sekty.tv/2025/04/09/arnold-varvarinec-soudni-dokumenty/,6Tpo49 2006 (1) Stáhnout 6Tpo69 2006 (1) Stáhnout,2025-06-18T22:12:31.601883
sekty.tv,web,Život Guru Járy,https://sekty.tv/2025/04/08/zivot-guru-jary/,"Život Guru Járy psaný jeho následovníky a zastánci : 1971 (4. ledna): Jaroslav (Jára) Dobeš se narodil v Příbrami, Československo (nyní Česká republika). 1976: V pěti letech, jak později uvedl, Jára poprvé zažil vize duchů a dalších nadpřirozených jevů. 1980: Jára začal zaznamenávat své nadpřirozené zážitky do deníku. V domnění, že trpí duševní chorobou, mu lékaři nasadili těžké léky. 1982 (listopad): Jára se pokusil oběsit na stromě, ale jeho nejlepší kamarád ho zachránil a odvezl do nemocnice. Tam prošel tím, co později popsal jako zážitek blízké smrti, který nasměroval jeho život k spiritualitě. 1985: Jára se stal zdatným horolezcem. 1989: Jára uprchl do Itálie, kde studoval římský katolicismus a klášterní tradice, stejně jako kabalu a další esoterická učení. 1991: Jára začal pracovat jako profesionální horolezec a instruktor a trávil čas v přírodních poustevnách. Podle svých žáků dosáhl osvícení v italském Arcu. 1995: Jára začal nabízet své služby jako profesionální astrolog a duchovní mistr. Ve stejném roce prohlašoval, že obdržel nejvyšší zasvěcení od duchovní entity uvnitř pyramidy Menkaure v Gíze v Egyptě a instrukce, aby jel do Indie, kde najde svého gurua. 90. léta: Jára opakovaně cestoval do Indie, kde studoval u Svámího Naganandy a Guru Anahdana. 1996: Jaroslav Dobeš, nyní známý jako Guru Jára, začal učit v České republice a shromáždil své první následovníky, se kterými nakonec založil Cestu Guru Járy. 1997 (15.–16. září): Jára uspořádal festival „Dny duchovní činnosti“ v Přírodovědném muzeu Olomouc, Česká republika. 1998: Jára a jeho následovníci založili klášter v Odrlicích v České republice. 1999: Jára vydal svou první knihu Pilgrims to Immorality . Centra byla slavnostně otevřena v Olomouci a Zlíně v České republice a v indické Dharamshale. V Horní Bečvě v Beskydech v České republice byl otevřen malý filiální klášter. 1999: První mezinárodní seminář se konal na ostrově Mindoro na Filipínách. 2000: Jára založil Českou telepatickou asociaci. 2000–2001: Velké festivaly pořádané Stezkou v hlavních českých městech vzbudily širokou pozornost. 2001: Jára založil časopis Poetrie. Jeho balíček tarotových karet byl nabídnut k prodeji široké české veřejnosti a stal se bestsellerem. 2001: První masivní útoky proti stezce Guru Járy ze strany českého antikultovního hnutí. 2002 (22.–24. 11.): V Olomouci se konalo Sympozium esoterické vědy. 2002: Bylo otevřeno nové centrum v Hampi, Karnataka, Indie. 2003: Jára se přestěhoval do Thajska, poté do Nepálu, zatímco jeho následovníci v České republice se počítali na tisíce. Bylo otevřeno pražské centrum. 2004: Vznik Esoterického institutu Poetrie, spoluředitelkou je Barbora Plášková. 2005: Proběhly protikultovní kampaně a násilné útoky proti Járovi a jeho studentům. Klášter v Odrlicích byl zrušen. 2007: Poslední seminář v ČR vedl Jára. Jára a později Plášková natrvalo odešli z Evropy do Asie. 2007 (14.5.): Po zahájení předběžného policejního vyšetřování proti Járovi byl zapsán na seznam hledaných, protože jeho bydliště nebylo Policii ČR známo. 2009 (18. února): Úřady na Filipínách Járu vpustily do země. V březnu následovala Plášková. V říjnu byla také českými úřady zařazena na seznam hledaných, protože její bydliště nebylo známo. 2009: V nepřítomnosti Járy a Pláškové se někteří studenti disidentů pokusili převzít kontrolu nad hnutím. V důsledku toho byl Esoterický institut Poetrie uzavřen a bývalí členové poskytli seznam studentů Policii ČR. 2010 (19. října): Elitní bezpečnostní sbor Policie ČR (SROC) ve spolupráci se zlínskou pobočkou Krajského soudu v Brně provedl razii v prostorách hnutí a v domech seniorů v ČR. 2011: Jára založil svůj ášram na ostrově Siargao na Filipínách. 2011: Jára vydal Casanova Sútra , iniciační román obsahující jeho klíčové učení. Několik výstav představilo jeho koláže Astrofocus v České republice. 2012 (28. května): Zlínská pobočka Krajského soudu v Brně vydala na Járu a Pláškovou mezinárodní zatykač pro osm znásilnění, kterých se měl dopustit v letech 2004 až 2006. 2014 (7. října): Zlínská pobočka Krajského soudu v Brně odsoudila Járu a Pláškovou v nepřítomnosti k trestu odnětí svobody na deset a devět a půl roku. 2015: Jára a Plášková byli na žádost českých úřadů zatčeni na Filipínách. 2015-2019: Soudní případy pokračovaly, zatímco Jára a Plášková zůstali ve vazbě na Filipínách. 2019 (27. března): Nejvyšší soud ČR pravomocným rozhodnutím snížil tresty Járovi na pět a půl a Pláškové na pět let. 2023 (9. a 23. srpna): Nejprve Jára a poté Plášková byli filipínskými úřady deportováni do České republiky. 2024 (28. srpna): Odvolací soud v Olomouci pravomocným rozhodnutím konstatoval, že tresty odnětí svobody, k nimž byli Jára a Plášková v České republice odsouzeni, již byly očištěny jejich vazbou na Filipínách. Byli tak svobodní.",2025-06-18T22:12:31.666495
sekty.tv,web,Nábor Školy Aria,https://sekty.tv/2025/04/14/nabor-skoly-aria/,Archivní materiály Nábor_ŠA_2000 Stáhnout,2025-06-18T22:12:31.690838
sekty.tv,web,Sexuální zneužívání v AROPAL podle exčlenů,https://sekty.tv/2025/05/31/sexualni-zneuzivani-v-aropal-podle-exclenu/,"V jednom z blogů exčlenů najdete detailní svědectví o této sektě a životě v ní: SDÍLENÍ MANŽELEK „Od prvních měsíců v sektě jsme připraveni na to, že jednoho dne budeme možná muset na příkaz imáma dát svou ženu jinému muži. Abdullah Hašem zneužil svého postavení k sexuálnímu zneužívání sestry, která byla vdaná za bratra. Zavolal si ji do kanceláře a řekl jí, že má myšlenky na jiné bratry, což ona popřela, ale on trval na svém. Pak jí řekl, že jediný způsob, jak jí být tento hřích odpuštěn, je, když mu dá orální sex. A musela to udělat ne jednou, ale několikrát (několik dní). Pak jí řekl, že pokud to někomu prozradí, ztratí duši, její dcera se zabije pádem a zlomí si vaz, její manžel zemře, ale ona zůstane naživu. Také musela napsat jména 5 bratrů z komunity, se kterými by chtěla mít sex. Poté, co s manželem (asi před 4 měsíci) opustila sektu, podala trestní oznámení na německou policii za znásilnění, která jí provedla test pravdivosti, kterým úspěšně prošla (informace od policie), a proto hledají Abdullaha hashema. Několik dní poté, co tato sestra a její rodina odešli, jiná sestra ve Švédsku (v malé vesnici, kterou koupil Abdullah Hashem a kde dnes žijí ansárové) požádala o pomoc formou dopisu, který zanechala v bundě dcery Abdullaha Hashema (pravděpodobně se chtěla spojit s Norhan, manželkou vůdce), ve kterém vysvětluje, jak Abdullah sexuálně zneužívá mnoho sester ve své kanceláři nebo doma. Ubohá sestra je tam stále pod dohledem a kontrolou Abdullaha Hashema…. Mahmúd Al-Kerš, jeden z Abdulláhových nejbližších lidí, nám zjevil, že jedním z testů a praktik, které je třeba provádět ke zmírnění temnoty v nás, je: Muž a jeho žena musí provést pohlavní akt před jedním nebo dvěma Mahdí, zatímco sledují a čtou specifické duy, které umožňují mužově temnotě vstoupit do jeho ženy. Ihned poté musí žena provést pohlavní akt s Mahdím (aby se zbavila určitého procenta temnoty) nebo se dvěma Mahdími současně (aby se zbavila většího procenta temnoty). A pokud je stále tma, musí muž Mahdímu provést orální sex.“ HOMOSEXUÁLNÍ AKTY „Sám jsem musel provést homosexuální akt s ansárem (nařízeným Abdulláhem Hašemem), abych dokázal svou víru. Toto je jeden z prvních testů na seznamu, jeden z nejjednodušších. Ansar mě musel políbit a pak mě sát, dokud mi nepolykal spermie. Tentýž ansár (jeden z Abdullahových nejbližších, jehož jméno nezmíním) je Abdullahem Hašemem nejčastěji využíván k testům smilstva mezi muži, protože je homosexuál. Navíc má pod vedením Abdullaha Hašema po celá léta časté pohlavní styky s jiným ansárem (také jedním z Abdullahových nejbližších). Abdullah Hashem nám řekl, že jeden ze 40 byl homosexuál. V úterních večerních kázáních nám připomněl, že pokud nám imám řekne, abychom se stali homosexuály, musíme se stát homosexuály.“ Celý blog: https://abdullahhashemexposing.wordpress.com/2019/06/20/sins-of-the-black-banners-of-the-east/",2025-06-18T22:12:31.769225
sekty.tv,web,Mrtvé miminko ve 12 kmenech ve Skalné,https://sekty.tv/2025/06/04/mrtve-miminko-ve-12-kmenech-ve-skalne/,,2025-06-18T22:12:31.783625
sekty.tv,web,Tajná svatá kniha sekty AROPAL,https://sekty.tv/2025/06/04/tajna-svata-kniha-sekty-aropal/,"Text obsahuje důkazy o tom, že polykání semena je v hnutí praktikováno The_Treatise_of_Divine_Insight (1) Stáhnout",2025-06-18T22:12:32.326348
sekty.tv,web,Allatra prohrála: můžeme ji označovat za sektu,https://sekty.tv/2025/04/10/allatra-prohrala-muzeme-ji-oznacovat-za-sektu/,Uznesenie_XX_1_Gv_297_24_1000_3 Stáhnout Uznesenie_XX_1_Gv_297_24_1000_45 Stáhnout,2025-06-18T22:12:32.468076
sekty.tv,web,20 principů sekty Děti Boží / Rodina lásky,https://sekty.tv/2025/04/13/20-principu-sekty-deti-bozi-rodina-lasky/,"Zdroj : https://www.vice.com/de/article/die-bizarre-und-angsteinflende-propaganda-von-children-of-god-666/ 1. Bůh miluje sex, protože sex je láska. 2. Satan nenávidí sex, protože sex je krásný. 3. Incest je v pořádku, protože kdo lépe naučí mladého muže milovat než jeho vlastní matka? 4. 11leté děti mohou otěhotnět, tak proč by neměly mít sex? 5. Šoustat s dědou je úžasné. 6. Každý je ženatý s každým. 7. Děti by měly dostávat školní docházku od svých rodičů alespoň do 13 let. Pokud se chtějí později učit více, „rodiče se mohou rozhodnout, zda je to možné doma“. 8. Obrázky nahých členů církve, nazývané také „nahé roztomilé dívky“, tvoří skvělé biblické záložky. 9. Je v pořádku lhát nevěřícím, abyste chránili Boží dílo. 10. Muži by neměli být gayové, ale lesbické ženy jsou sexy. 11. Masturbace je sex s Ježíšem. Když má muž sex s Ježíšem, už to není muž, ale Ježíšova manželka. Takže celá věc už není gay a tudíž OK. 12. Pokud máte sex s Ježíšem, má rád špinavé řeči. Byly vytvořeny brožury obsahující „Love Words“. Můžete je zašeptat, aby byl Ježíš nadržený. Mezi ně patří mimo jiné: Drž mě, miluji tě. Pronikni do mě. Chci tě cítit v sobě! Dej mi své semeno. Vzrušuješ mě, Ježíši, a já chci cítit tvou lásku. Chci tě taky vzrušit! Ježíši, ty jsi nejlepší ze všech milenců. Chci si tě užít, Ježíši, dívat se na tebe, ochutnávat tě, cítit tě, jebat tě! Potřebuji tě držet v náručí. Potřebuji cítit tvé nahé tělo proti mému nahému tělu. Chci sát tvůj penis. Chci ochutnat tvé semínko! Jsem do tebe a tvého penisu blázen! Moje kočička se na tebe těší, Ježíšku! Ty mě tak mokrá. 13. Není příliš křesťanské říkat slova jako „čurák“ nebo „kunda“. Ale pokud to uděláte, je to v pořádku, protože jsou očištěni Slovem Božím. Jen je nepoužívejte pořád nebo tak něco. 14. Ježíšova proroctví se nazývají „zlaté semeno“. Skvělý způsob, jak ji získat, je přisát Ježíšovu „zlatou hůl“ (nebo hůl jiného muže, pokud jste žena a nemůžete Ježíšovu najít). 15. Ježíš se měl vrátit v roce 1993. Když se v roce 1993 nevrátil, chtěl jednoduše dát rodině více času na růst. 16. Znásilnění je pro ženu příležitostí kázat evangelium násilníkovi. Vlastně by stejně měla nabízet sex sama, protože to je dobrý způsob, jak obrátit lidi na víru rodiny. 17. „Klíče království“ jsou mocná slova, která dále posílí vaše modlitby. Pohánějí také UFO a mohou se proměnit v meče, aby mohli bojovat s démony. 18. Bůh dovolil, aby se 11. září stalo v „děvčí Americe“, protože Světová obchodní centra symbolizovala hloupost tlustých, líných a bohatých. 19. Hitler už byl na dobré cestě, jen toho neudělal dost, protože Židé jsou podlidští démoni. Navíc k holocaustu nikdy nedošlo. 20. Nebe je ve skutečnosti „vesmírné město“, které existuje v pyramidě, která je asi 2400 kilometrů dlouhá, široká a vysoká. Tato pyramida buď cestuje vesmírem směrem k Zemi, nebo je skryta v Měsíci.",2025-06-18T22:12:32.495722
sekty.tv,web,"Britka, kterou držela u Prahy kuplířská sekta Rezonance",https://sekty.tv/2025/04/20/britka-kterou-drzela-u-prahy-kuplirska-sekta-rezonance/,"Zdroj: https://www.seznamzpravy.cz/clanek/domaci-kauzy-paneboze-je-to-sekta-napadlo-ji-v-zahrade-zazraku-skoncila-na-sex-chatu-273887 Rozhovor se ženou, která propadla jogínské sektě. Z Velké Británie ji to přivedlo až do Česka a k natáčení sex chatů. Teď mluví o tom, že to byl organizovaný zločin. Guru sekty Gregorian Bivolaru čeká ve francouzské cele na soud. Čtyři roky strávila v Hnutí pro duchovní integraci do Absolutna (MISA). V česku vystupují pod názvem SDRUŽENÍ REZONANCE. Ale mluví o něm jako o sektě a mezinárodní zločinecké organizaci. Je jednou z žen, které ve Francii podaly svědectví proti vůdci jogínského hnutí Gregorianu Bivolaruovi. Rumunovi, jehož léta hledal Interpol a od předloňska sedí ve Francii ve vazbě. Obviněn je z několika trestných činů – především z mnoha znásilnění a z organizovaného obchodu s lidmi. S Britkou Mirandou, která opustila sektu před třemi lety a má s Bivolaruem a jeho hnutím těžkou zkušenost, už Seznam Zprávy jednou mluvily . Tehdy ještě skrývala svou identitu a ne vše mohla otevřeně říci. Nyní už zveřejnila své křestní jméno, odhalila tvář a s tím i další detaily, co v jogínském hnutí zažila. Vyprávět veřejně svůj příběh je pro Mirandu důležité. Říká, že tak využívá svobodu, kterou po odchodu ze sekty získala zpět. „Je to součástí mé svobody a také mého uzdravování,“ vysvětluje v rozhovoru pro Seznam Zprávy. A také je její příběh důležitý pro Česko – především kvůli tomu, že zde pobývala půl roku v době, kdy v sektě byla. V domě ve středočeských Černošicích s ostatními členkami hnutí natáčela sex chaty. Náboženské hnutí to tam nazývalo „Zahrada zázraků“. Obvinění proti Bivolaruovi Gregorian Bivolaru založil hnutí MISA v roce 1989. Teď působí v desítkách států světa. Třiasedmdesátiletý Gregorian Bivolaru sedí už víc než rok ve francouzské vazbě a čeká na soud. Je obviněný z obchodování s lidmi, z organizovaného zločinu, únosů, znásilnění a indoktrinace. ( Francie má tzv. „zákon o vymývání mozků“, který české právo nemá. ) Jde o jeden z největších případů obchodu s lidmi v Evropě. Bivolaru měl zneužít tisíce žen z celého světa. Vinu odmítá. Spolu s ním je obviněno 14 dalších lidí. Zasvěcení? Žádná meditace ani jóga, ale sex. Guru sedí ve vazbě 7. 6. 2024 5:59ZOBRAZIT VŠE „Je až neuvěřitelné, že si toho nikdo nevšiml. Ani v Čechách, ani v Paříži, kde také držely v domech ženy. Ráda bych věřila, že kdyby se něco takového dělo v mé ulici, všimla bych si toho,“ říká dnes Miranda, jejíž příběh detailně popsala britská BBC v podcastu World Of Secrets: The Bad Guru , který citoval i zjištění Seznam Zpráv. „Přijde mi docela děsivé, že nikdo nezavolal policii. Přitom se to dělo roky.“ SEKTA V ČESKU: Z jógy k sexu před kamerou v Česku. Gurua hledá Interpol 4. 11. 2023 6:30 Když jsme spolu před víc než rokem dělaly rozhovor, ještě jste skrývala identitu. Co se od té doby změnilo? Od začátku jsem věděla, že chci svůj příběh zveřejnit. Ale v tu dobu jsem zrovna natáčela podcastovou sérii s BBC a abych byla upřímná, to byl ten hlavní důvod, proč jsem ještě nechtěla svou identitu zveřejnit. BBC jsem slíbila, že to mohou s mým jménem zveřejnit jako první. Nebudu ale říkat celé své jméno. Nechci, aby to ovlivnilo mou rodinu, a nechci, aby moji budoucí zaměstnavatelé našli jako první články o tom, že jsem byla v sektě. Chci jim to aspoň trochu ztížit. A proč jste chtěla svůj příběh zveřejnit? Mám k tomu několik důvodů. Cítím, že jsem toho strašně moc ztratila. Hodně času, velkou část důstojnosti, soukromí, energie i peněz. Přeji si, aby z toho vzniklo něco konstruktivního, něco, co vyvolá změnu. Také si říkám, že kdyby o MISA existoval nějaký podcast nebo články v době, kdy jsem začala kurzy této školy navštěvovat, dostaly by se ke mně ty informace a já bych dál nepokračovala. Jak se guru hájí Gregorian Bivolaru odmítá, že by ženy znásilňoval nebo se dopouštěl dalších zločinů, za které mu hrozí až třicetileté vězení. Při výslechu před francouzskými úřady podle deníku Libération řekl, že nikdy „nepáchal zlo“. Hlásá, že je jakýmsi „kanálem božské energie lásky“, kterou dokáže předávat těm, již jsou „otevření“. Před vyšetřovateli mluvil naopak o tom, že činil ženy „šťastnými“. „Nejsem to já, kdo koná dobro, je to Bůh, který je koná skrze mě,“ uvedl při výslechu a k tomu prohlásil, že stejně jako měl nepřátele Ježíš, má je i on.ZOBRAZIT VŠE Jakou změnu by to mělo vyvolat? Aby například bylo více zákonů na ochranu obětí kultů a zákonů proti sex byznysu. Je mi jasné, že problém sex byznysu lidi ve skutečnosti moc nezajímá. A chci, aby věděli, že se to děje opravdu hodně ženám a nejenom třeba těm chudým z Rumunska. Chci se méně stydět Takže vám šlo o šíření osvěty, případně o prosazení legislativních změn? Ano, ale myslím, že je to zároveň součást mé cesty. V sektě jsem byla ovládaná. Byla jsem pod velkou kontrolou, včetně toho, co mohu říkat. Teď jsem svobodná, mohu beze strachu mluvit, jak chci, a ovládnout svůj strach z nich, stud či rozpaky. Je to součástí mé svobody a také mého uzdravování. A chci se méně stydět. Gisèle Pelicot ( pozn. Francouzka, kterou manžel léta znásilňoval a nabízel dalším mužům. Dostal 20letý trest. ) ve Francii říkala, že oni se mají stydět, ne my. Mám pocit, že to platí i pro mě. Někdy se stydím a cítím se trapně, hlavně pokud jde o sex chat. Ale já nejsem ten, kdo by se měl stydět, to jsou oni! Kdybych zůstala mlčet, jediným, kdo se bude stydět, budu já, protože oni si nemyslí, že udělali něco špatného. Teprve když je ostatní poženou k odpovědnosti, snad si uvědomí, co udělali. Miranda natáčela v roce 2019 video sex chaty v České republice. Uvádí, že ji lidé z duchovní školy dopředu neřekli, co ji čeká. Posléze jí tvrdili, že to je nutné pro její duchovní rozvoj.Video: Kristina Ciroková, SZ Jak se vlastně člověk dostane do sekty? Jak se vám to stalo? Vždy je za tím skrytá nějaká vnitřní motivace. V mém případě to bylo tak, že mě zajímala spiritualita. Hledala jsem školu, která by mě o tom naučila něco víc. Jiné lidi motivuje třeba komunita, chtějí ve svém životě něco změnit, chtějí mít lepší vztahy, chtějí nějaké odpovědi nebo hledají uzdravení. Prostě jde o lidi, kteří jsou otevření a hledají nové věci. Tyto organizace jsou ale velmi pečlivě strukturovány tak, aby vás vtáhly dovnitř. Vy přitom ani nevíte, co se děje, a pravděpodobně ani většina z těch, co to dělají, neví, na čem se podílejí. Na začátku vás takzvaně „bombardují láskou“, chovají se k vám velmi zvláštním způsobem a vždy říkají: „Jen my máme odpovědi.“ A pak to pokračuje. Tvrdí: „Možná, že ještě letos jste ty odpovědi nedostali, ale když budete pokračovat dál ve studiu, získáte je příští rok.“ Nebo opakují: „Jen toto je jediná správná cesta, podívej, jak je můj život skvělý!“ Prostě vám toho hodně slibují a jejich chování ve vás vzbuzuje dobrý pocit a důvěru. A tak se necháte vtáhnout hlouběji, najdete si v sektě přátele nebo dokonce partnerský vztah, a přijímáte jejich učení, aniž byste pokládali moc otázek. Od toho vás totiž zrazují. Říkají: „Až se staneš duchovnějším, pochopíš to a nebudeš se muset ptát.“ Postupně se jejich systém víry dostává nad ten váš vlastní a vy ztrácíte sami sebe a svobodnou vůli stále víc a víc. A protože se to děje postupně, ani si toho nevšimnete. Z jógy k sexu před kamerou v Česku. Gurua hledá Interpol 4. 11. 2023 6:30 A jaký je potom váš život? Tak skvělý, jak vám na začátku slibovali? Ne, není, ale když se podíváte na jejich životy, oni také nejsou moc šťastní. Ale oni věří, že jsou vyvolenou skupinou. Takže i když jejich život není tak dobrý, i když jsou nešťastní, jsou stále v této zvláštní skupině. Je to, jako by víra přebíjela jejich vlastní zkušenost. Vaše zkušenost může být negativní, ale protože skupině tolik věříte, nevnímáte to tak. Když nebudeš pracovat, zaplatíš Vy jste se s jogínskou školou dostala až do České republiky. Jak se to tehdy přesně stalo? Když jsem byla držena v domě sekty v Paříži, přišla za mnou jedna rumunská žena a nabídla mi, že mohu jet na velmi krásné cvičení, při kterém udělám velký pokrok v duchovním růstu. Že tam mají bazén a jedná se o práci s erotickou energií a znameními zvěrokruhu. Nic víc neřekla. Ani kde to je. Jen že GB ( pozn. touto zkratkou členové MISA nazývají svého gurua Gregoriana Bivolarua ) tomu říká „Zahrada zázraků“, protože se tam děje mnoho úžasných proměn. Znělo to skvěle, a když jsem GB sdělila, že tam tedy jedu, řekl: „Ano, to bude pro tebe velmi dobré.“ Miranda v době, kdy byla v sektě. Navštěvovala v Londýně kurzy jógy a tantry. A to místo bylo tedy v České republice? Ano, přijeli jsme do Prahy a odtud nás další dva koordinátoři autem odvezli do Černošic, kde nás přivítaly dvě anglicky mluvící ženy. Pamatuji si, že obě měly na sobě dlouhé květované šaty a v očích zvláštní výraz. Takový jakoby skleněný. Tehdy jsem si poprvé pomyslela: „Panebože, možná je to sekta…“ Ale byla jsem vyčerpaná z cesty, a tak jsem šla spát a druhý den jsem musela podepsat spoustu formulářů, natáčet videa a přísahat na bibli a na svoje zdraví, že nikdy nikomu neřekneme o ničem, co se tu stalo. Co bylo pak? Pak řekli: „Ráno děláme rituály a odpoledne pracujeme na této internetové stránce, kde točíme sex chaty. A je to velmi dobré, protože vy budete těmto mužům pomáhat pochopit čistý eros. Oni na těchto stránkách nikdy neviděli ženu, která by byla duchovní. Díky vám se stanou duchovnějšími, budou se lépe chovat ke svým manželkám a přítelkyním a celý svět se změní. Jednoho dne už nebudou pornografii potřebovat.“ A vy jste jim to věřila? Ano, věřila. Protože to mělo být součástí naší mise. Oni stále hovořili o čisté energii eros a o tom, jak se liší od sexuální energie, a tvrdili, že pokud tato energie ovládne dostatečnou část světa, pak to svět změní a už nebude žádné znásilňování, žádná pornografie a všichni budou cítit lásku. Prvních pár dní jsem měla jen sledovat ostatní ženy na webu a pak teprve začít pracovat. Řekli mi: „Pokud nebudeš pracovat, musíš nám zaplatit peníze za cestu do Prahy a také 35 eur denně za ubytování.“ ( pozn. Miranda už dříve popsala, že jí zároveň vzali doklady a telefon. ) Neměla jsem pocit, že mohu couvnout, říká Češka k setkání s guruem jogínské sekty 2. 12. 2023 6:00 Ztratila jsem část sebe Takže jste raději pracovala? Jak jste se cítila? Měla jsem pocit, že to musím udělat, protože nám bylo řečeno, že je to součást spirituálního cvičení. V té době jsem se denně věnovala duchovnímu cvičení, józe, meditaci. Toto měla být další etapa. Měla jsem tam být tři měsíce, ale nakonec to bylo půl roku, protože se ukázalo, že dříve se toto cvičení nedalo dokončit. A já věřila, že kdybych odjela dříve, budu mít velmi špatnou karmu. Bylo to pro vás těžké? Bylo, ale zároveň to bylo jednodušší, jelikož jsem se změnila. V té době jsem byla nejvíc indoktrinovaná. Moje svobodná vůle se úplně vytratila, žádnou jsem neměla, byla úplně zničená. Jako bych byla hlína a oni mě formovali a tvarovali. Takže ze začátku to bylo těžké. Také kvůli pokutám, které v domě byly nastavené a které jsme musely platit za různé „prohřešky“. Jaké třeba? Stalo se mi, že jedna z žen vešla po mně do koupelny a řekla: „Zapomněla jsi zhasnout světlo. Budu to muset říct koordinátorovi.“ A já byla v šoku. Musela jsem pak být pořád ve střehu, jestli jsem neudělala nějakou chybu, abych nemusela platit pokuty. Jenže po několika týdnech jsem už dělala to samé a také jsem hlásila prohřešky ostatních žen. V té době jsem skutečně ztratila část sebe a byla jsem méně a méně empatická. Jeden z největších případů obchodu s lidmi. Svědčit budou i Češky 6. 12. 2024 5:00 Česká policie se mi neozvala Před rokem jste mi v rozhovoru řekla, že jste připravená mluvit s českou policií. Kontaktovali vás? Ne, ne. Jsem připravená s nimi mluvit, ale zatím se mi neozvali. Myslíte, že by s vámi měli mluvit? Mám pocit, že i když nejsem český občan, stalo se mi to ve vaší zemi a je to tedy jejich zodpovědnost se tím zabývat. Udělejte s tím něco, protože jinak to nepřestane. Jsem si jistá, že pokud budou mít někde dům, budou to dělat dál. Takže vy si myslíte, že v tomto erotickém byznysu dál pokračují? Už to nedělají na těch webových stránkách, kde dříve, ale jsem si stoprocentně jistá, že jinde ano. Je to jejich hlavní výdělek. A peníze teď potřebují víc než kdy jindy, protože platí soudní poplatky. Miranda je jednou z žen, které svědčily proti Gregorianu Bivolaruovi. Francouzská policie ho před více než rokem zatkla a od té doby je ve vazbě. Čelí obvinění především z řady znásilnění a obchodu s lidmi. Spolu s ním je obviněno dalších 14 osob.Video: Kristina Ciroková, SZ Gregorian Bivolaru je ve Francii ve vazbě a čeká na soud. Jste jednou z žen, které stály na začátku tohoto vyšetřování. Budete svědčit u soudu? Už dvakrát jsem byla ve Francii svědčit, a pokud vím, tak francouzský systém funguje tak, že nemusím jít znovu. To mi řekli. Víte, v jaké fázi se případ teď nachází? Jsou nějaké novinky? Nevím. Trvá to a bude to trvat déle, protože jde o mezinárodní případ. Obvinění čelí GB i ve Finsku, a pokud vím, tak trestní stíhání je zahájeno i v některých dalších evropských zemích. Vyjádření české policie „V případu jsme pouze vyřizovali právní pomoc pro francouzské kolegy, neboť trestní řízení bylo vedeno tam. V rámci spolupráce různé útvary Policie ČR hovořily s několika osobami a získané informace předávaly do Francie. Trestní řízení žádná z našich součástí nevede a to z důvodu (v tu dobu) probíhajícího šetření v této věci ze strany francouzské policie. Rozhodnutí o tom, kdo a kdy bude vyslechnut, vydává vždy vyšetřující orgán a jsme přesvědčeni, že francouzští kolegové měli případ podrobně zmapovaný. Nic samozřejmě nebrání tomu, aby se paní oznamovatelka dostavila na jakoukoliv služebnu Policie ČR a poskytla nové informace k případu.“ Ondřej Moravčík, mluvčí Policejního prezidia ČR Smála jsem se a brečela zároveň Bivolarua hledal dlouhou dobu Interpol. Když ho v Paříži předloni zatkli, jak jste se cítila? Nemohla jsem tomu uvěřit. Hlavně proto, že jsem měla pocit, že nikdo z policie zatím nic neudělal. Víte, já neměla žádnou víru a důvěru, že se něco stane. Takže když mi to zavolal jeden francouzský novinář, smála jsem se a brečela zároveň, prostě jsem tomu nemohla uvěřit. Pak jsem se procházela po parku a vzpomínám si, že jsem uviděla strom a říkala si: „Páni, ten je tak krásný!“ V sektě jste strávila čtyři roky. Jak dlouho vám trvalo se z toho zotavit? A co bylo nejtěžší? Nejtěžší je odejít. Hlavně ta doba, kdy si uvědomíte, že to musíte udělat, a než to uděláte. Když jsem už sektu opustila, bylo to pořád těžké, ale už méně. Řekla bych, že existují různé fáze. Každý rok je to jiné. První rok byl plný bolesti, hněvu a smutku. Cítila jsem se zrazená a podvedená. Musela jsem zničit vše, čemu jsem do té doby věřila, a začít svou víru budovat znovu od nuly. Například jsem si zakázala používat určitá slova, která říkali v sektě. Věděla jsem, že jakmile je vyslovím, začnu myslet způsobem, kterým jsem myslela tam. Takže jsem udělala spoustu vědomých rozhodnutí, abych se dostala ven. Protože někteří lidé opustí sektu fyzicky, ale ne psychicky. Musela jsem přerušit kontakty s těmi lidmi, přestat používat jejich jazyk i přestat cvičit jógu. Bála jsem se, že jinak bych do toho zase spadla. Bylo to velmi bolestivé a psychicky náročné. Miranda v Paříži, kde už dvakrát vypovídala proti vůdci hnutí MISA. Teď jsou to tři roky, co jste odešla. Myslíte si, že už jste v pořádku? Jsem v pohodě, ale byl to dlouhý proces. Zejména to hledání spravedlnosti a úsilí, aby ti lidé byli dohnáni k odpovědnosti, k čemuž zatím nedošlo. V posledních třech letech mě to stálo spoustu peněz a času, který jsem věnovala cestám do Francie, rozhovorům s mými právníky, s novináři a stále to není skončené. Ale dělám to proto, že doufám, že spravedlnost zvítězí. Každopádně teď jsem mnohem šťastnější, mám mnohem hlubší vztahy se svou rodinou a se svými přáteli. Když jsem byla v sektě, tak jsme tam všechny odsuzovali a o spiritualitě jsme jen mluvili. Já ji teď ale skutečně žiji, protože se k přátelům nebo třeba sousedům chovám podle duchovních hodnot, jakými jsou pravda, nenásilí a láska.",2025-06-18T22:12:32.532922
sekty.tv,web,Zločiny O9A ve světě za rok 2025,https://sekty.tv/2025/04/18/zlociny-o9a-ve-svete-za-rok-2025/,"Člen 764 Jack Rocker se přiznal k držení 8 300 obrázků a videí dětské pornografie a musí obětem zaplatit odškodnění. https://www.justice.gov/usao-mdfl/pr/tampa-man-pleads-guilty-possession-child-sexual-abuse-material Čtyřem členům CVLT hrozí maximální trest doživotního vězení za sexuální zneužívání nejméně 16 nezletilých. Údajně donutili nezletilé, aby si ubližovali a produkovali dětskou porno, oznámilo ministerstvo spravedlnosti 30. ledna 2025. https://www.justice.gov/opa/pr/four-members-online-neo-nazi-group-exploited-minors-charged-producing-child-sexual-abuse 14. března byl Rocker odsouzen k 7 letům vězení a bylo mu také nařízeno vyplatit restituce svým obětem. https://www.justice.gov/opa/pr/member-764-network-sentenced-possession-child-sexual-abuse-material V únoru 2025 italská policie v Bolzanu zatkla teenagera a obvinila ho z účasti v teroristické organizaci, výroby a používání výbušných zařízení, držení nelegálních střelných zbraní, poškozování z trestné činnosti, držení a šíření dětské pornografie. Údajně měl v plánu natočit šňupací film. Údajně byl spojen s 764 a Řádem devíti úhlů. https://corrieredeltrentino.corriere.it/notizie/cronaca/25_febbraio_13/il-gruppo-neonazista-del-15enne-arrestato-per-terrorismo-a-bolzano-il-fondatore-condannato-a-80-anni-e-il-numero-764-0d84b3ee-bac4-4b1c-beaf-fee7e4862xlk.shtml https://corrieredeltrentino.corriere.it/notizie/cronaca/25_febbraio_13/il-15enne-arrestato-per-terrorismo-il-gruppo-764-e-il-portafoglio-di-bitcoin-voleva-uccidere-un-senzatetto-e-pubblicare-il-video-b9ba87ab-15fe-4566-b00f-31237d355xlk.shtml Člen 764 Jairo Jaime Tinajero se v únoru 2025 přiznal ke spiknutí za účelem spáchání vraždy a výroby a distribuce dětského porna mezi několik dalších zločinů s posílením terorismu. Tinajero se spikl s dalším členem 764 „Vitalym“, aby zavraždili 14letou dívku. Oba muži podrobně diskutovali o jejím zastřelení a následném rozpuštění jejího těla v kyselině. Tinajero tlačil na dospívající dívku, aby produkovala dětské porno, a když nakonec odmítla pokračovat, začal plánovat její zabití. Tinajero a „Vitaly“ také tlačili na 12letou dívku, aby se zmrzačila, s cílem přimět ji, aby se sama zabila. Tinajero, „Vitaly“ a dalších 764 spoluspiklenci přinutili nejméně tři dívky v Kentucky produkovat dětské porno. https://www.rawstory.com/raw-investigates/defendant-pleads-guilty-to-racketeering-and-terrorism-as-doj-widens-campaign-against-764 23letý Hugo Figuerola byl zatčen koncem února 2025 ve Španělsku za vyhrožování masovou střelbou a bombovým útokem ve Valencii , což vedlo k hromadné evakuaci institucí po celé Valencii. Byl zatčen Civilní gardou , která mu také zabavila elektroniku. Figuerola byl členem Řádu devíti úhlů a 764 a používal několik aliasů, včetně NeoHitler666. https://www.eldebate.com/espana/comunidad-valenciana/20250228/hugo-joven-ligado-grupos-satanicos-pedofilos-amenazaba-masacre-colegios-valencianos_274228.html Člen 764 Aidan Harding byl obviněn v únoru 2025 z držení dětské porna. Harding také údajně plánoval hromadnou nehodu a vlastnil 20 zbraní. https://www.cbsnews.com/pittsburgh/news/man-violent-extremist-ideology-possessing-child-sexual-abuse-material https://www.wired.com/story/no-lives-matter-764-violence 764členný člen Kalifornie, Jose Henry Ayala Casamiro (28), se 3. dubna 2025 dostavil k federálnímu soudu a byl vzat do vazby bez propuštění na kauci. Ayala byla zatčena a obviněna z držení dětské pornografie Ayala údajně nutila nezletilé produkovat dětskou pornografii a zapojit se do „ponižujících sadistických sexuálních aktů [a] mučení“. Nezletilí byli také nuceni vyřezávat jména svých pachatelů na svá těla a byli povzbuzováni k sebevraždě. https://www.justice.gov/opa/pr/san-fernando-valley-man-arrested-allegedly-possessing-child-sexual-abuse-material-tied Dospívající z Wisconsinu údajně zabil svého otce a matku 11. února 2025 a plánoval zavraždit Donalda Trumpa , aby „zachránil bílou rasu“ a zahájil revoluci. Měl u sebe střelné zbraně, výbušniny a dron a je obviněn z vražd. Dospívající měl také materiál ONA a identifikoval se jako člen ONA. https://www.fox6now.com/news/wisconsin-teen-homicides-plot-assassinate-trump https://www.nbcnews.com/news/us-news/teen-charged-killing-parents-planned-assassinate-trump-rcna201054",2025-06-18T22:12:32.564129
sekty.tv,web,09A ve Švédsku: Švédsko straší sekta vrahů a vyděračů malých dětí,https://sekty.tv/2025/04/18/09a-ve-svedsku-svedsko-strasi-sekta-vrahu-a-vyderacu-malych-deti/,"Zdroj: https://www.idnes.cz/zpravy/zahranicni/sekta-764-no-lives-matter.A250319_140402_zahranicni_misl Na internetu existují temná zákoutí. A potom je tu to nejtemnější, ve kterém vznikla sekta 764. Celosvětovou satanistickou síť tvoří násilní predátoři, kteří vydírají a znásilňují malé děti. Zaměřují se ale i na ženy a další zranitelné skupiny. Jejich podskupina No Lives Matter má pak na svědomí desítky vražd po celém světě. Právě tímto uskupením se inspiroval 14letý mladík, který pobodal ženu ve Švédsku. Na začátku letošního roku šla 55letá žena ve městě Borås v jihozápadním Švédsku na pravidelnou procházku se svým psem. Sněžilo, a tak neslyšela kroky přicházejícího chlapce, který jí najednou ve tmě pošeptal „Ahoj“. Hned potom natáhl ruku a vrazil ženě nůž do zad. „Dostala jsem ránu do zad. Netušila jsem, jak závažné to bylo, dokud jsem se nedostala domů a neviděla krev,“ řekla oběť útoku švédskému zpravodajskému serveru Dagens Nyheter . Chlapec si celý útok nožem natáčel a ještě téhož večera video umístil na sociální sítě. Kriminalisté po týdnech vyšetřování případ přirovnali k činnosti sadistické satanistické sekty operující v online prostředí. Útok byl podle nich inspirovaný chlapcem, který v loňském roce pobodal několik lidí v městské části Hässelby ve Stockholmu. Přezdíval si Slain a byl členem skupiny 764. Číslice 764 označuje v online prostředí satanistický neonacistický kult, který je odnoží Řádu devíti úhlů. Skupinu založil nyní 19letý mladík Bradley Cadenhead z města Stephenville v americkém Texasu, které má poštovní směrovací číslo 764 01 a 764 02. Právě odtud pochází název skupiny. Násilí v dětském pokoji Bradley už ve svých 13 letech skončil v dětské vazbě, protože vyhrožoval, že vystřílí svoji školu. Podle vyšetřovacích spisů také sledoval násilný obsah na internetu. Dva roky po zadržení založil skupinu na komunikační platformě Discord, kterou řídil ze svého dětského pokoje. Jejím prostřednictvím vyhrožoval lidem a vydíral nezletilé. Sdílel také svůj životní příběh – vyrůstal v nestabilní rodině, čímž si získal přízeň řady následovatelů z celého světa, většinou mladých mužů. Cadenheada však jen několik měsíců po založení skupiny odhalili vyšetřovatelé a zadrželi jej. Na jaře roku 2023 byl odsouzen k 80 letům vězení za výrobu a šíření dětské pornografie. Církev Sinčchondži přiznala sporné praktiky. Jdou po nás satanisté, tvrdí Stovky Cadenheadových fanoušků po celém světě však v jeho činnosti pokračují. Přesvědčují děti a mladistvé, aby jim posílaly nahé fotky a videa, a baví se pak jejich vyhrožováním a utrpením. Požadavky na oběti se neustále navyšují a pachatelé vyhrožují, že snímky pošlou rodinným příslušníkům a přátelům, pokud děti nebudou posílat další videa. V několika případech byly dokonce oběti vyzvány, aby si vzaly život. A protože se bály, že jejich blízcí uvidí jejich nahé fotky, skutečně tak učinily. Případy se stupňují a nezůstává „jen“ u internetových zločinů. Například 24letý muž z Tennessee byl obviněn ze sexuálního zneužívání dětí. Stejného činu se dopustil také 47letý bývalý armádní velitel, který byl za znásilnění dítěte zatčen v Michiganu. Cílem jsou i osamělé ženy Sekta 764 má také podskupinu No Lives Matter (NLM), která se zaměřuje na násilné činy. Kromě dětí a mladistvých členové útočí na další zranitelné skupiny – seniory, bezdomovce či osamělé ženy. A právě podle manuálu NLM konal také dospívající chlapec Slain. Protože mu ale v době útoku nebylo patnáct let, nemůže za něj být ve Švédsku potrestán. Správní soud ve Stockholmu však rozhodl o jeho umístění do střediska péče o mládež. A stejný scénář pravděpodobně nastane i v případě 14letého mladíka, který útočil na začátku letošního roku. „Jsme v závěrečné fázi vyšetřování“ uvedla pro Dagens Nyheter prokurátorka Louise Bromanderová s tím, že předpokládá rovněž umístění pachatele do centra péče o mládež. Pro švédské úřady se jedná o první případy v souvislosti se sítí 764. Její praktiky však tamní odborníci znají. „Tento druh vyhrožování, kdy pachatelé nutí své oběti k páchání zločinů nebo k ubližování si, existuje již dlouho. Bohužel jsou mezi námi lidé, které to přitahuje. Je důležité, abychom dokázali tento typ lidí, kteří potřebují pomoct, odhalit,“ řekl SVT Nyheter Jonas Trolle, vedoucí Centra proti násilnému extremismu. Podle týdeníku Der Spiegel byli členové 764 zatčeni v nejméně osmi zemích světa, přičemž obětí jsou podle FBI tisíce. Ministerstvo spravedlnosti Spojených států skupinu klasifikuje jako teroristickou síť a také Federální úřad pro vyšetřování (FBI) ji považuje za teroristickou hrozbu první úrovně. Její činnost zaznamenala také královská kanadská jízdní policie, která ji označila za ideologickou násilnou extremistickou síť. Zdroj: https://www.idnes.cz/zpravy/zahranicni/sekta-764-no-lives-matter.A250319_140402_zahranicni_misl",2025-06-18T22:12:32.613019
sekty.tv,web,Abdullah Hashem: Od odhalování kultů k jejich vedení,https://sekty.tv/2025/05/31/abdullah-hashem-od-odhalovani-kultu-k-jejich-vedeni/,"8. května 2025 Provozují jeden z největších mezinárodních kultů soudného dne na světě. Prostřednictvím dvou satelitních televizních stanic, 48 kanálů na sociálních sítích a kanálů na YouTube v pěti jazycích oslovují sledující po celém světě a sdělují jim, že lidstvo je jen „hodiny“ od „potopy krve“. Jeden z nich se prohlásil za „dlouho očekávaného spasitele lidstva“ – a nedávno i za nového papeže – a přikazuje svým stoupencům, aby prodali své domy a následovali ho. Svému hnutí říkají „ahmadské náboženství míru a světla“ a jejich přesvědčení je, mírně řečeno, velmi široké. Kromě malých útržků islámu se členové ahmadi učí o mimozemšťanech, iluminátech, králících lidské velikosti, kteří žijí na jiných planetách a chovají lidi jako domácí mazlíčky – seznam by mohl pokračovat. Noví členové jsou údajně povinni darovat krev v rámci přísahy věrnosti vůdci – kterému říkají „Mistr“ – a on údajně veškerou krev smíchá ve sklenici, kterou uchovává uvnitř repliky Archy úmluvy. Areál, ze kterého působí, je přestavěný sirotčinec v malém městečku v severní Anglii, poměrně daleko od místa, kde začali – v Mooresville v Indianě. Nezávislý novinář Be Scofield z časopisu The Guru Magazine zveřejnil minulý měsíc příběh, v němž podrobně popsal cestu dvou absolventů střední školy Mooresville – Abdullaha Hashema a Josepha McGowena – kteří se z pouhých dvou dětí v malém městečku v Indianě vypracovali na vrchol celosvětové sekty. Zleva doprava: McGowen, člen raeliánského kultu, a Hashem pózují pro fotografii na raeliánském sjezdu v Las Vegas v roce 2000. V té době absolventi Mooresville natáčeli dokumentární filmy odhalující podvody kultů – zdálo se, že se cestou leccos naučili. (Fotografie s laskavým svolením) Bořiči kultů Hashem a McGowen absolvovali střední školu Mooresville High School v roce 2001. Oba byli přirození baviči – Hashem dokonce produkoval maturitní videoklip pro ročník 2001 a oba byli známí svými stand-up comedy vystupováním v Crackers Comedy Club v Broad Ripple. „Rádi bychom měli sitcom podobný Seinfeldovi,“ řekl Hashem místním novinám na začátku prvního desetiletí 21. století. „Je jednou z mých inspirací.“ Duo však strávilo většinu prvního desetiletí 21. století nikoli sitcomy, ale dokumentárními filmy zaměřenými převážně na jedno téma: odhalování kultů. Když Hashem v roce 2005 studoval filmovou tvorbu na Indiana University-Purdue University Indianapolis, infiltroval se s McGowenem do kultu Raela – náboženství UFO založeného ve Francii v 70. letech – kvůli dokumentárnímu filmu s názvem Malý Claudy . Film skutečně vzbudil velký rozruch – Hashem a McGowen poskytli rozhovor Angele Ganoteové na stanici FOX 59 před jeho premiérou na IUPUI a celostátní server WIRED se této zprávy chopil, když se kult v roce 2007 rozhodl zažalovat filmaře a univerzitu za pomluvu. Po filmu Malý Claudy natočili Hashem a McGowen film o vůdci hnutí černých hebrejských Izraelitů v Las Vegas, který tvrdil, že dokáže na obloze přivolat UFO. Hashem tehdy novinářům řekl, že oba pracují na „zabití těchto draků“ a vyvrácení „falešných proroků“. McGowen učinil podobné poznámky. „Chci, aby se o tom dozvěděli rodiče, aby viděli, co se děje, a mohli chránit své děti,“ řekl McGowen. Bývalý šéfredaktor deníku The Reporter-Times a současný člen rady okresu Morgan Brian Culp napsal v roce 2000 několik článků o filmové kariéře Hashema a McGowena a minulý týden hovořil s deníkem The Correspondent o tom, na co si vzpomíná. „Připadalo mi, že to s odhalováním kultů myslí opravdu upřímně,“ řekl Culp. „Byly to jen místní děti, které dělaly něco zajímavého. O několik let později jsem slyšel, že se věci zvrtly, ale moc jsem se tím nezabýval.“ Věci se skutečně zvrtly, a to v roce 2008, kdy se duo údajně pohádalo a Hashem natočil dokument s názvem The Arrivals , který se snažil odhalit „nový světový řád“ a tvrdil, že většina velkých popových hvězd jsou „nástroji Iluminátů“. Hašem se prohlásil novým papežem po smrti papeže Františka o Velikonocích. Ahmadijské náboženství míru a světla v sobě spojuje velmi volnou víru v islám, mimozemšťany, ilumináty a širokou škálu dalších přesvědčení. (Fotografie s laskavým svolením) Přirozený vůdce V ročence Wagon Trails střední školy Mooresville z roku 2001 je krátký článek věnovaný Hašemovi. V něm tehdy osmnáctiletý mladík obdržel od zaměstnanců MHS zajímavě smíšené hodnocení. „Jako student byl velmi zábavný, ale bylo dobré sledovat, jak si v průběhu roku dokázal najít rovnováhu mezi akademickými aktivitami a kreativitou,“ řekla tehdejší učitelka na státní škole MHS Joyce Gillyová. Tehdejší zástupce ředitele Bruce Peters měl jiný názor. „(Hašem) je ten, kdo se bude snažit otravovat nebo předat projekt někomu jinému,“ řekl Peters. Hashem se narodil v roce 1983 egyptskému otci a americké matce. S McGowenem se seznámil na střední škole, kde si vytvořili přátelství založené na filmové tvorbě a komedii. Gilly, nyní v důchodu ze střední školy Mooresville, tento týden hovořila s The Correspondent o svých vzpomínkách na Hashema z doby, kdy byl jejím studentem před více než dvěma desetiletími. V místních zprávách o Hashemovi a McGowenovi z doby před 20 lety Hashem opakovaně zmiňoval Gilly jako někoho, kdo pro něj hodně znamenal, a dokonce ji a některé další učitele pozval na svá filmová promítání na vysoké škole. „Byl velmi vtipný a charismatický,“ řekl Gilly. „Rozený vůdce. Lidé ho následovali. Jeho kreativní schopnosti mi v té době utkvěly v paměti. Všichni ho znali – vždycky se postavil za outsidery.“ Gilly si živě vzpomíná na to, jak Hašem jednou bránil dívku se speciálními potřebami, které se posmíval jiný student. Pamatuje si ho také jako vtipálka, který byl i přes průměrné známky velmi chytrý. Ale – a Gilly to zdůrazňuje – neviděla Hashema od doby, kdy byl na vysoké škole. „Kdybyste mi zavolali a řekli, že je šéfem velké filmové společnosti, věřil bych tomu,“ řekl Gilly. „Ale (to, že Hašem je vůdcem kultu) mě překvapuje. Za 20 let se může stát cokoli, myslím. Ale mezi Abdalláhem, kterého jsem znal, a touto osobou, o které mluvíte, neexistuje žádná souvislost.“ Starý výstřižek z deníku The Mooresville-Decatur Times, který pojednával o jednom z dokumentárních filmů Hashema a McGowena. O vůdcích Ahmadi se v místních zprávách v roce 2000 opakovaně psalo, ačkoli reportér tohoto článku uvedl, že si na tyto osoby nic nepamatuje. (Fotografie s laskavým svolením) Z Mooresville k Messiahovi Hašem se vrátil do Egypta v roce 2008 – pravděpodobně kvůli soudnímu sporu s kultem Raela – a krátce poté se připojil k dalším mladým mužům, kteří následovali Iráčana Ahmeda al-Hassana, samozvaného mesiáše. McGowen také v určitém okamžiku cestoval do Egypta a začal sledovat al-Hassana. Nakonec se Hašem vydal na vlastní pěst a založil odštěpeneckou skupinu, zpočátku nazývanou Černé prapory Východu. V průběhu let Hašem a jeho následovníci cestovali z jedné země do druhé a nakonec se stali známými jako Ahmadijské náboženství míru a světla. V polovině roku 2010 se usadili v Německu, než se v roce 2019 přestěhovali do Švédska. Tam se pokusili založit utopickou komunitu, ale nakonec jim hrozila deportace kvůli údajnému užívání drog. V návaznosti na to se v roce 2022 přestěhovali do severní Anglie. Skupina a její odnože po celém světě byly často terčem obtěžování ze strany místních úřadů, což ironicky pravděpodobně posílilo jejich popularitu. Pronásledování skupiny přinejmenším vedlo k určitým vnějším sympatiím – v létě 2023 vydala Organizace spojených národů prohlášení, v němž naléhala na tureckou vládu, aby členy skupiny nedeportovala. „Od vzniku Ahmadíjského náboženství míru a světla v roce 1999 jsou jeho členové označováni za kacíře a nevěřící a často jsou vystaveni výhrůžkám, násilí a právnímu zadržování,“ uvedli experti OSN ve svém prohlášení. „Jsou obzvláště ohroženi zadržením kvůli zákonům o rouhání, což je v rozporu s jejich právem na svobodu náboženského vyznání nebo přesvědčení.“ Prohlášení bere písemnou historii skupiny za doslovnou hodnotu, která tvrdí, že Ahmed al-Hassan se v roce 1999 objevil v Iráku jako posel Mahdího neboli mesiáše. Ve skutečnosti byl Hašem v roce 1999 studentem druhého ročníku na střední škole Mooresville a al-Hassan se s ním nikdy nesetkal. Zároveň s tím, jak byli členové Ahmadi pronásledováni za své přesvědčení, nebyla skupina na finančních poměrech nikdy lepší. V roce 2023 skupina získala dary ve výši 1,4 milionu dolarů a vlastní majetek v hodnotě přesahující 4 miliony dolarů. „Hledáme lidi, kteří jsou ochotni prodat své domy, stát se součástí komunity a následovat mě,“ říká Hašem ve videoposelství svým následovníkům. „Zanechte za sebou (své) vlastní životy plněné sobeckými zájmy a podpořte Boha (svým) bohatstvím.“ Zbytek příběhu Původní Scofieldův příběh „Seznamte se s kultem soudného dne, který dobývá svět“ najdete na gurumag.com/meet-the-doomsday-cult-taking-over-the-world/.",2025-06-18T22:12:32.722628
sekty.tv,web,Základní vymezení islámské sekty AROPAL,https://sekty.tv/2025/05/31/zakladni-vymezeni-islamske-sekty-aropal/,"Amerika, Kapitalismus i Západ jsou od Satana (např. https://www.divinejuststate.com/post/capitalism-is-the-system-of-satan) Demokracie je lidskou rebelií – správným řešením je náboženská teokracie (např. https://www.divinejuststate.com/post/the-supremacy-of-allah-divine-authority-or-human-rebellion) Konec světa je blížko – zbývá jen přísahat věrnost Mahdímu (např. https://www.divinejuststate.com/post/world-war-iii-prophecies-unfolding-in-today-s-world)",2025-06-18T22:12:32.735905
sekty.tv,web,Příchod policie ohlašovaly zvony,https://sekty.tv/2025/03/28/prichod-policie-ohlasovaly-zvony/,"Zdroj: STRÖBINGER, Rudolf. Příchod policie ohlašovaly zvony. Online. Vysočina . 2002, č. 123, s. 24. [cit. 2025-03-28]. Když se k malé bavorské obci Deiningenu blížilo několik policejních vozidel, rozezněly se zvony bývalého klášterního kostela. Před někdejším starým chrámem se shromáždili vyděšení rodiče, aby – jak prohlásili – vlastními těly chránili své děti před policejním zákrokem. Nakonec zvítězilo okolo padesáti mužů zákona z policejního ředitelství v Dillingenu, kteří dvacet děvčat a chlapců vynesli z bývalého kostela a policejním autobusem odvezli do základní školy. O co vlastně šlo? O spor týkající se vyučování dětí, který spolu vedou už několik týdnů příslušníci náboženského společenství „ Dvanáct kmenů „a školské úřady. Členové „ Dvanácti kmenů „totiž odmítají výuku svých dětí ve státních školách s tím, že nevyhovuje jejich náboženskému přesvědčení. Své děti až dosud vyučovali doma nebo ve vlastní škole, kterou zřídili v bývalém klášteře. S tím však nebyly srozuměny školské úřady ani okresní hejtman Stefan Rössle. Ten nakonec nařídil, aby děti do školy odvezli policisté. Oznámil také, že děti budou do školy sváženy policejní eskortou tak dlouho, dokud se jejich asi osmdesát rodičů neumoudří a dokud nepřestanou klást odpor. Společenství „ Dvanáct kmenů „má několik náboženských obcí v Bádensku- Würtembersku a v Dolním Sasku. V bavorském Deiningenu jich žije v budovách bývalého statku podle vzoru původních starých křesťanů přes osmdesát. Považují se za velkou rodinu a obracejí se k proroku Abrahamovi. Své děti vychovávají příslušníci „ Dvanácti kmenů „přísně podle biblických zásad.",2025-06-18T22:12:33.147002
sekty.tv,web,Právní analýza manuálu na výchovu dětí sekty Dvanáct Kmenů v kontextu českého práva (2025),https://sekty.tv/2025/02/09/pravni-analyza-manualu-na-vychovu-deti-sekty-dvanact-kmenu-v-kontextu-ceskeho-prava-2025/,"Na základě analýzy dokumentu „Training Manual for Children“ sekty Dvanáct Kmenů lze identifikovat několik extrémních nařízení a pravidel, která by mohla být v rozporu s českým právním řádem, zejména v oblasti ochrany práv dítěte, zákazu týrání dětí a povinnosti řádné péče rodičů . Níže uvádím přehled právně problematických aspektů manuálu spolu s jejich možným porušením českého práva. 1. Tělesné tresty a tělesné tresty za „špatné myšlenky“ Citace z manuálu: • „Spanking ministers to the whole child.“ (Tělesné tresty slouží k nápravě celého dítěte.) • „The rod must be used to correct wrong thoughts, wrong words, and wrong deeds.“ (Hůl musí být použita k nápravě špatných myšlenek, slov a činů.) • „Train your child to submit willingly to his discipline; make sure he bends over submissively; guilt will not be removed unless he submits willingly.“ (Trénujte dítě, aby se dobrovolně podrobilo disciplíně; zajistěte, že se poslušně skloní; vina nebude odstraněna, pokud se nepodrobí dobrovolně.) Možná porušení českého práva: • § 198 trestního zákoníku (Týrání svěřené osoby) – systematické fyzické trestání dítěte může být kvalifikováno jako týrání dítěte . • § 199 trestního zákoníku (Týrání osoby žijící ve společném obydlí) – pokud jsou děti v komunitě vystaveny pravidelnému bití, může se jednat o tento trestný čin. • Listina základních práv a svobod – čl. 7 (nedotknutelnost osoby) a čl. 32 (práva dítěte na ochranu). • § 858 občanského zákoníku – povinnost rodičů vychovávat dítě s respektem k jeho důstojnosti a psychickému vývoji. • Zákon o sociálně-právní ochraně dětí – jakékoli tělesné tresty dětí mohou být považovány za signál ohrožení dítěte a vést k zásahu OSPOD (Orgán sociálně-právní ochrany dětí). 2. Absolutní podřízenost dětí rodičům Citace z manuálu: • „That’s why the focus of child training needs to be that our children learn to be surrendered to us, their parents.“ (Cílem výchovy musí být naučit děti naprosté podřízenosti rodičům.) • „A child has no other purpose in life than being surrendered.“ (Dítě nemá jiný účel v životě než být podřízeno.) • „A child who does not obey must be removed from the community.“ (Dítě, které neposlouchá, musí být odstraněno z komunity.) Možná porušení českého práva: • Úmluva o právech dítěte (OSN, čl. 12) – dítě má právo vyjádřit svůj názor na všechny záležitosti, které se ho týkají, a nesmí být nuceno k absolutní poslušnosti. • § 3 občanského zákoníku – princip ochrany lidské důstojnosti, která zahrnuje i respekt k autonomii dítěte. • § 201 trestního zákoníku (Únos dítěte a osoby zbavené způsobilosti k právním úkonům) – pokud by dítě bylo násilně izolováno nebo vyhoštěno z komunity, může to být posuzováno jako omezování osobní svobody . 3. Psychická manipulace a indoktrinace Citace z manuálu: • „If they are not surrendered, they are unworthy.“ (Pokud nejsou podřízeni, nejsou hodni.) • „Your child must be broken and cleansed through discipline.“ (Vaše dítě musí být zlomeno a očištěno disciplínou.) • „Any rebellion must be crushed immediately.“ (Jakákoli vzpoura musí být okamžitě potlačena.) Možná porušení českého práva: • § 177 trestního zákoníku (Nátlak) – nátlak na dítě, aby se „zlomilo“ a plně se podřídilo rodičům, může být vnímán jako psychické týrání . • Zákon o sociálně-právní ochraně dětí (§ 6) – dítě má právo být vychováváno v prostředí, které podporuje jeho zdravý psychický vývoj. • § 352 trestního zákoníku (Nebezpečné vyhrožování) – pokud je dítě vystavováno neustálým hrozbám potrestání za projevy vlastní vůle. 4. Fyzické násilí jako „výchovný prostředek“ Citace z manuálu: • „You bottom beat, not brow beat.“ (Má se bít na zadek, ne na hlavu.) • „The rod must be used to correct wrong thoughts.“ (Hůl musí být použita k nápravě špatných myšlenek.) Možná porušení českého práva: • § 198 a 199 trestního zákoníku (Týrání svěřené osoby, týrání osoby žijící ve společném obydlí) – systematické bití dětí je nezákonné . • Zákon o sociálně-právní ochraně dětí (§ 6 a § 10) – tělesné tresty jsou považovány za formu týrání dítěte . 5. Diskriminace dětí na základě náboženské ideologie Citace z manuálu: • „The child must be completely separated from the world.“ (Dítě musí být zcela odděleno od světa.) • „Any contact with outsiders will corrupt the child’s soul.“ (Jakýkoli kontakt s lidmi zvenčí zkazí duši dítěte.) Možná porušení českého práva: • Listina základních práv a svobod (čl. 15, 16) – dítě má právo na svobodu svědomí a náboženství . • § 358 trestního zákoníku (Omezování osobní svobody) – pokud je dítě izolováno od okolního světa. • § 13 školského zákona – každé dítě má právo na vzdělání ; pokud sekta zakazuje dětem docházku do školy, jedná se o porušení práva.",2025-06-18T22:12:33.339802
sekty.tv,web,12 kmenů oklamalo Roberta Redforda,https://sekty.tv/2025/03/28/12-kmenu-oklamalo-roberta-redforda/,"Zdroj: O ničem prý nevěděl. Online. Blesk . 2001, č. 15, s. 4. ISSN 1210-5333. [cit. 2025-03-28]. Ostrým kritikám musí čelit populární hollywoodský herec Robert Redford. Americký list „New York Post“ přinesl šokující odhalení: Jeho firma Sundance, která má roční obrat přes pět miliónů dolarů, se specializuje na dovoz a prodej nábytku, oblečení a dalších rukodělných výrobků. Část svých produktů ale od roku 1999 objednává od nábytkářského producenta Commona Wealtha z amerického státu New York, který je vůdčím členem sekty „ Dvanáctkmenů „. V duchu její tradice zneužívá ve své firmě práce malých dětí. A na Redfordovu hlavu padla vina za to, že jejich výrobky odebírá. Náboženské společenství „ Dvanáct kmenů “ vzniklo v 70. Letech a založil ho Elbert Eugene Spriggs. Má okolo 2500 členů a hlavní aktivity vyvíjí převážně na severovýchodě Spojených států. Jejich heslo je: Jsme bohem vyvolený lid a žijeme přesně tak, jak si přeje on sám. Velmi prapodivné metody fungují uvnitř sekty, co se týče výchovy dětí. Rodiče je často mlátí pruty, které předtím namáčejí ve vodě. „Vinu z dětí vymlátíte jedině bitím. Jinak ne. A když své dítě nebiješ často, tak to znamená, že ho nemáš rád,“ tvrdí Wealth. Děti musejí v sektě pracovat, sotva dosáhnou šesti let. Vyrábějí svíčky, mýdla a vykonávají rovněž lehčí práce v kožedělných a jiných dílnách. Členové sekty se ostré kritice ohledně neslýchanému zneužívání nezletilých brání slovy: „V každém rodinném podniku přece pomáhají všichni. A pro děti je jedině dobře, když jsou v kontaktu s rodiči.“ Přitom ve Spojených státech je dovoleno pracovat dětem až od čtrnácti let. Členové sekty žijí v ohromných společenstvích ve velkých domech, dělí se o majetek a peníze. Robert Redford poté, co se na jeho hlavu snesla vlna výčitek, okamžitě s dodavatelem veškeré obchodní styky přerušil. „Nevěděl jsem opravdu nic o tom, že zaměstnávají malé děti. Na svou obranu můžu ještě dodat, že jsme od nich brali jen malé procento výrobků,“ říká Redford.",2025-06-18T22:12:33.383652
sekty.tv,web,2013: Policie se zajímá o sektu 12 kmenů žijící v Mšeckých Žehrovicích,https://sekty.tv/2025/03/28/2013-policie-se-zajima-o-sektu-12-kmenu-zijici-v-mseckych-zehrovicich/,"Zdroj: Policie se zajímá o členy komunity žijící v Mšeckých Žehrovicích. Online. PRIMA Family – Zprávy FTV Prima . 2013. [cit. 2025-03-28]. O členy komunity Dvanáct kmenů , kteří žijí na farmě nedaleko Kladna, se zajímá policie. Podle německých novinářů může jít o sektu, která z Německa unesla několik dětí. Místní ale něco takového popírají a tak jsme s kamerou vyrazili přímo na místo, kde komunita žije. Václav JANATA, redaktor: Nenápadný okraj Mšeckých Žehrovic. Za prkenným plotem stojí několik dřevěných chatek a hospodářská stavení. Žijí tu členové komunity nazvané Dvanáct kmenů . Policie se o obyvatele usedlosti zajímá kvůli německé odnoži komunity. V Bavorsku jsou tito členové vyšetřováni kvůli týrání dětí a podle německých novinářů jsou unesené děti z Německa ukryty právě tady. Upozornil na to server Lidovky.cz. soused: Tam je Čech a ten má Němku jako. Václav JANATA, redaktor: Jo. soused: Jsou nějak provdaný jako za Němky a ono je to nějaký, co jsem teda slyšel, jestli je to ono, tak jsou to nějaký jako jehovisti. Václav JANATA, redaktor: Podle místních žijí v komunitě slušní lidé, kteří se pouze straní ostatních. Podezřením o týrání nebo únosu dětí nechtějí věřit. sousedka: No, občas jsem je tu viděla, ale, ale říct vám k tomu nemůžu nic, protože dělám v Praze a jezdím ráno za tmy a večer za tmy domů. Václav JANATA, redaktor: Usedlost na okraji Žehrovic se nejprve zdála úplně opuštěná, krátce nato se ale objevil hlouček lidí. Žena tlačila zahradou dětský kočárek, další dítě nesla v rukou. Jakmile nás zpozorovali, rychle utekli. Na naše dotazy ohledně únosů dětí neodpověděli. Usedlost prý už prohledala policie, nic podezřelého ale nenašla. Ivana JEŽKOVÁ, mluvčí Policejního prezidia: Naším pátráním jsme skutečně nezjistili, že by informace, které byly uveřejněny v médiích, se zakládaly na pravdě. Václav JANATA, redaktor: Mšecké Žehrovice jsou přitom už nechvalně proslulé jinou kauzou. V zimě se tu v sousedním statku přivolaní záchranáři pokoušeli oživit čerstvě narozené dítě, které jeho matka po narození nechala v záchodové míse. Žena byla nejprve obviněna z vraždy, soud ji ale tohoto obvinění zprostil kvůli jejímu psychickému stavu. Václav Janata, Prima FTV.",2025-06-18T22:12:33.394527
sekty.tv,web,2017: Policie nezná jména členů sekty 12 kmenů,https://sekty.tv/2025/03/28/2017-policie-nezna-jmena-clenu-sekty-12-kmenu/,"„O hnutí Dvanácti kmenů v obci Skalná víme. Vzhledem k tomu, že neznáme jména členů komunity, nemohu přesně sdělit, zda mají jednotliví členové problém se zákonem,“ řekla Věra Hnátko AN DOLEŽAL, Kateřina Moravcová. Komunitu hlídá policie i sociálka. Online. Blesk . 2017, č. 8, s. 7. ISSN 1210-5333. [cit. 2025-03-28]. „Německé úřady podle magazínu Der Spiegel varovaly českou stranu před tím, jak křesťanská sekta Dvanáct kmenů zachází s dětmi. Členové sekty, která používá tělesné tresty, se na přelomu roku ze spolkové republiky přestěhovali do Česka. Důvodem byly zřejmě i opakované střety s úřady, do nichž se v Německu kvůli svým kontroverzním metodám dostala.“ Německo varovalo Česko před křesťanskou sektou Dvanáct kmenů . Online. In: Lidovky.cz. 2017. Dostupné z: http://www.lidovky.cz/nemecko-varovalo-cesko-pred-krestanskou-sektou-dvanact-kmenu-p6g-/zpravy-domov.aspx?c=A170401_110414_ln_domov_ELE . [cit. 2025-03-28]. Německé úřady v roce 2013 jednaly správně, když kvůli bití odebraly členům křesťanské sekty Dvanáct kmenů čtyři desítky dětí. Konstatoval to Evropský soud pro lidská práva, který zamítl stížnost čtyř párů rodičů hlásících se k sektě. Štrasburský soud schválil postup proti sektě. Online. Hospodářské noviny . 2018, č. 59, s. 8. ISSN 0862-9587. Dostupné z: http://www.hn.iHNed.cz/ . [cit. 2025-03-28].",2025-06-18T22:12:33.416592
sekty.tv,web,2013: Sekta 12 kmenů ukryla svoje děti z Německa před úřady v ČR,https://sekty.tv/2025/03/28/2013-sekta-12-kmenu-ukryla-svoje-deti-z-nemecka-pred-urady-v-cr/,"Téma bylo široce medializováno, viz například: Sekta odvezla děti do Česka. Online. Radiožurnál – Stalo se dnes . 2013. [cit. 2025-03-28]. Německá sekta prý ukrývá děti na statku v ČR. Online. Právo . 2013, č. 217, s. 12. ISSN 1211-2119. Dostupné z: http://pravo.novinky.cz/ . [cit. 2025-03-28]. Sekta prý odvezla děti do Česka, aby je ukryla před úřady . Online. In: Tyden.cz. 2013. Dostupné z: http://www.tyden.cz/rubriky/domaci/krimi/sekta-pry-odvezla-deti-do-ceska-aby-je-ukryla-pred-urady_282815.html . [cit. 2025-03-28]. Sekta prý odvezla děti do Česka, chtěla je ukrýt před německými úřady . Online. In: Zpravy.iDNES.cz. 2013. Dostupné z: http://zpravy.idnes.cz.ezproxy3.nkp.cz/sekta-pry-odvezla-deti-do-cr-aby-je-ukryla-pred-nemeckymi-urady-pb8-/zahranicni.aspx?c=A130916_145919_zahranicni_btw . [cit. 2025-03-28]. Němečtí sektáři prchli s dětmi do Česka, tvrdí noviny . Online. In: Aktualne.cz. 2013. Dostupné z: http://aktualne.centrum.cz/zahranici/evropa/clanek.phtml?id=790426 . [cit. 2025-03-28]. SILVIE TŘESLÍNOVÁ, Jana Zemanová. Sekta podezřelá v Německu z týrání dětí mohla některé chlapce a děvčata odvézt do Česka . Online. In: Zpravy.rozhlas.cz. 2013. Dostupné z: http://www.rozhlas.cz/_zprava/1257941 . [cit. 2025-03-28]. Německá sekta ukryla své děti v ČR, tvrdí odpadlíci. Online. WWW – Domácí zprávy . 2013. Dostupné z: http://www.novinky.cz/zahranicni/evropa/313465-nemecka-sekta-ukryla-sve-deti-v-cr-tvrdi-odpadlici.html . [cit. 2025-03-28]. ČLÁNEK : Křesťanská sekta Dvanáct kmenů, která je v Německu podezřelá z týrání dětí, údajně odvezla některé chlapce a děvčata do Česka, aby je tak ukryla před německými úřady. Ty jí na počátku září při rozsáhlé policejní razii odebraly 40 dětí právě kvůli podezření z jejich zneužívání. Napsal to ve svém aktuálním vydání německý magazín Der Spiegel s odvoláním na lidi, kteří ze sekty vystoupili. Policie proti Dvanácti kmenům zakročila ve dvou sídlech sekty v Bavorsku. Der Spiegel však vypátral, že část členů společenství žije od července v obci Dolchau na severu východoněmecké spolkové země Saska-Anhaltska. Podle sousedů bylo mezi nimi asi deset dětí ve věku zhruba sedmi až 16 let. Všechny před několika dny zmizely. Německé úřady podle zpravodajského časopisu o tomto sídle zjevně nevědí. Podle bývalých členů mohla sekta tyto děti odvézt do Česka, aby je před úřady ukryla. Dvanáct kmenů totiž podle zdrojů Spiegelu vlastní „poblíž Prahy zemědělskou usedlost s ovocnou zahradou, vinicí, stádem ovcí a rybníkem pro chov ryb“. Podle deníku Augsburger Allgemeine, který rovněž hovořil s jedním z bývalých příslušníků sekty, je její sídlo v Česku relativně nové. Také on upozornil na to, že Dvanáct kmenů může své děti odvézt za hranice.",2025-06-18T22:12:33.464896
sekty.tv,web,Otec a syn se po odchodu od Jehovistů oběsili,https://sekty.tv/2024/05/23/otec-a-syn-se-po-odchodu-od-jehovistu-obesili/,"Otec (†50) a syn (†20) si na větev stromu uvázali lana, udělali smyčky, navlekli si je na krky a skočili z jednoho žebříku. Oba zemřeli. Na větvi stromu v zahradě v obci Nový Život ještě i druhý den po tragédii, jakou vesnice podle místních nepamatuje, visí žluté lano. To použili otec (†50) a syn (†20), kteří si společně vzali život . Bývalí Svědkové Jehovovi chtěli začít nový život. Loni v listopadu odešli od rodiny z Banské Štiavnice. Hledali si práci, chtěli vydělat peníze. Nakonec se usídlili v obci Nový Život (okres Dunajská Streda), kde se však po třech měsících oba oběsili. Navlékli si hlavy do smyček na větvi stromu a pak skočili z jednoho žebříku. Jejich domácí, místní podnikatel Dionýs (31), si nejprve myslel, že kácejí stromy, až když popošel blíže naskytl se mu děsivý pohled. I když je uřízl a položil na zem, mužům už nebylo pomoci. Ze zážitku se dosud neumí vzpamatovat. Policie případ vyšetřuje jako usmrcení.",2025-06-18T22:12:33.607769
sekty.tv,web,Změna pravidel svědků Jehovových v případech obvinění ze zneužívání dětí,https://sekty.tv/2024/05/23/zmena-pravidel-svedku-jehovovych-v-pripadech-obvineni-ze-zneuzivani-deti/,"Článek Petra Velechovského „Ještě nedávno jsme zde informovali o policejním vyšetřování v Nizozemsku, které se týkalo zneužívání dětí v organizaci svědků Jehovových. Nyní dochází v této organizaci k zásadní změně, která platí pro celý svět. Na svých oficiálních stránkách publikovala minulý čtvrtek (31. 1. 2019) společnost Strážná věž (svědkové Jehovovi) nejnovější studijní vydání časopisu Strážná věž (pro květen 2019), určené pro členy organizace. Časopis přiznává a do hloubky rozebírá problém zneužívání dětí pedofily v řadách organizace. Nazývá tuto problematiku morem, který nakazil i pravé křesťany (myšleni jsou svědkové Jehovovi). [1] Vedoucí sbor svědků Jehovových zároveň vydává pokyn ke změně postojů v této otázce a mění zažité pravidlo, kdy k usvědčení pedofilů v řadách svědků Jehovových bylo třeba dvou až tří svědků, [2] jinak ve většině případů organizace nijak nezakročila a obviněný byl pouze evidován. Případy mají být nyní v zemích, kde to vyžaduje zákon, předávány k řešení nejen uvnitř sborů, ale i orgánům policie. V Novém čísle časopisu Strážná věž je napsáno: Když se starší dozvědí o údajném sexuálním zneužití dítěte, musí poslechnout světské zákony, podle kterých mají povinnost to nahlásit orgánům státní moci? Ano. V zemích, kde takové zákony existují, starší udělají všechno pro to, aby je dodrželi a údajné zneužití dítěte nahlásili. (Řím. 13:1) Tyto zákony nejsou v rozporu s Božím zákonem. (Sk. 5:28, 29) Když se tedy starší o obvinění dozvědí, okamžitě kontaktují pobočku, aby zjistili, jak vyhovět zákonům, podle kterých mají povinnost to oznámit. – Starší ujistí oběť, rodiče a další, kdo o záležitosti vědí, že obvinění můžou  nahlásit orgánům státní moci. Ale co když se takové obvinění týká někoho ve sboru a věc by se pak v okolí stala známou? Měl by křesťan, který obvinění ohlásil, mít pocit, že udělal Božímu jménu ostudu? Ne. Tím, kdo Boží jméno pošpinil, je pachatel. Teprve po jednání se „světskou mocí” mají odpovědní svědkové jednat kázeňsky v rámci sboru: Když se starší dozvědí, že někdo ve sboru je obviněn ze sexuálního zneužití dítěte, udělají všechno pro to, aby dodrželi světské zákony, podle kterých mají povinnost to oznámit. Pak záležitost zkoumají z biblického hlediska. Pokud jednotlivec obvinění odmítá, starší vyslechnou svědky provinění. Pokud přinejmenším dva lidé – ten, kdo vznesl obvinění, a někdo další, kdo může potvrdit, že obviněný spáchal tento nebo jiný skutek sexuálního zneužití dítěte – provinění dosvědčí, je to podklad pro sestavení právního výboru. Pokud žádný druhý svědek není, neznamená to, že ten, kdo vznáší obvinění, neříká pravdu. I když provinění nemůžou potvrdit dva svědkové, starší si uvědomují, že mohlo dojít k vážnému hříchu, který někomu velmi ublížil. Ty, kterým bylo ublíženo, budou dál utěšovat a podporovat. Kromě toho budou na údajného provinilce dávat pozor, aby chránili sbor před potenciálním nebezpečím. (Sk. 20:28) Změnu postoje Vedoucího sboru k obětem zneužívání patrně urychlil stále se zvyšující počet žalob a také počet případů odškodnění, které společnost Strážná věž musí vynakládat. Důvodem k vysokému odškodnění byla dosavadní politika společnosti Strážná věž, vyučující, že oběť zneužití měla nejprve zneužití oznámit starším ve sboru. Zneužité dítě mělo mít dalšího svědka, který by tento zločin dosvědčil, pokud by se obviněný svědek Jehovův – údajný pachatel – dobrovolně nepřiznal. Když nebyl druhý svědek činu a viník se odmítl přiznat, případ se neměl uvnitř hnutí dále disciplinárně řešit. Měla být informována pouze pobočka (zemské vedení) a učiněna evidence o případu v ústředí svědků Jehovových. Oběť a její rodina o případu neměli mluvit mezi svědky Jehovovými. V opačném případě jim hrozilo vyloučení z organizace za nepodložená obvinění. Změna vynikne při srovnání s pravidly, která platila dosud. Tato pravidla pocházela z časopisu Strážná věž z 1. listopadu 1995 (s. 25–29). (Pravidla jsou dostupná také zde , jejich české vydání vyšlo v časopise Strážná věž z 1. 11. 1995 na str. 28 a 29). Za následujícím textem pravidel je zmíněna ještě jejich malá úprava, která byla provedena roku 2002. Česká Strážná věž z 1. 11. 1995, str. 28. Faksimile je možné zvětšit. Co mohou udělat starší? Když některý člen sboru trpí tím, že se mu mimovolně vybavují vzpomínky nebo „obnovené vzpomínky“ na pohlavní zneužití, jsou obvykle určeni dva starší, aby mu pomohli. Tito starší by měli trpícího laskavě povzbudit, aby se prozatím zaměřil na to, jak se vypořádat s citovým rozrušením. Se jmény pachatelů, na které si postižený „vzpomněl“, by se mělo zacházet jako s přísně důvěrnou informací. … Co však dělat v případě, kdy se trpící člověk rozhodne, že vysloví obvinění? Pak by mu mohli dva starší poradit, aby v souladu se zásadou u Matouše 18:15 o tom obviněného osobně informoval . Pokud postižený není schopen mluvit s obviněným tváří v tvář, může mu zatelefonovat anebo případně napsat dopis. Pak má obviněný příležitost přednést Jehovovi svou odpověď na vznesené obvinění. Možná bude dokonce schopen předložit důkazy o tom, že se zneužití dopustit nemohl. Je také možné, že se vyzná ze svého hříchu a že dojde k usmíření. To by bylo krásné! Dojde-li k vyznání hříchu, mohou dva starší dále postupovat podle biblických zásad. Pokud je obvinění popřeno, měli by starší vysvětlit tomu, kdo obvinění vznesl, že z právního hlediska se již nic dalšího nedá dělat . Sbor bude obviněného nadále považovat za nevinného. Bible říká, že k tomu, aby se mohlo zakročit právně, musí být dva nebo tři svědkové . (2. Korinťanům 13:1; 1. Timoteovi 5:19) Česká Strážná věž z 1. 11. 1995, str. 29. Faksimile je možné zvětšit. I kdyby si více lidí „vzpomnělo“, že byli zneužiti týmž člověkem, jsou takové „vzpomínky“ bez dalších dokladů příliš nespolehlivé, než aby se jimi dalo podložit právní rozhodnutí. To neznamená, že se tyto „vzpomínky“ považují za nepravdivé (či pravdivé). Při právním jednání se však musí postupovat podle biblických zásad. Co však když obviněná osoba — která ovšem popírá, že se provinila — je skutečně vinna? Projde jí to bez trestu? Rozhodně ne! Otázku viny a neviny můžeme bez obav ponechat v Jehovových rukou . „Hříchy některých lidí jsou veřejně zjevné a vedou přímo k soudu, ale u jiných později jejich hříchy také vyjdou najevo.“ (1. Timoteovi 5:24; Římanům 12:19;14:12) Kniha Přísloví říká: „Očekáváním spravedlivých je radost, ale naděje ničemných, ta zanikne.“ „Když umírá ničema, jeho naděje zaniká.“ (Přísloví 10:28; 11:7) Jehova Bůh a Kristus Ježíš nakonec spravedlivě vynesou věčný rozsudek. (1. Korinťanům 4:5). Na základě stálého tlaku a negativního mínění veřejnosti o tomto postoji byla provedena interním sdělením v dopisu pro starší sborů v USA ze dne 24. května 2002 malá úprava v pravidle svědectví dvou až tří svědků (kopie dopisu umístěna například zde ). Vedoucí sbor v dopise vyjádřil očekávání, že starší budou zkoumat každé obvinění ze sexuálního zneužívání dětí, protože i jedno zneužité dítě je příliš, avšak při vyhodnocování důkazů musí mít na zřeteli jasné biblické pokyny. A odvolávají se přitom na znění textu Bible, který vykládají svým způsobem. [3] Nadále trvají na dvou až třech svědcích, nicméně upravují: „… pokud jsou dvě osoby svědkem různých incidentů stejného špatného skutku, jejich svědectví lze považovat za dostačující k přijetí opatření.“ [1] Strážná věž , studijní vydání, květen 2019, s. 8 odstavec 3. [2] Strážná věž , studijní vydání, květen 2019, s. 11, odstavec 15. [3] Jedná se o texty: 5. Mojžíšova 19:15, Matouš 18:16. NÁBOŽENSKÁ SPOLEČNOST SVĚDKOVÉ JEHOVOVI SVĚDKOVÉ JEHOVOVI",2025-06-18T22:12:33.636678
sekty.tv,web,V odstaveném autě se zabila rodina ex-jehovistů,https://sekty.tv/2024/05/23/v-odstavenem-aute-se-zabila-rodina-ex-jehovistu/,"2003 V uzamčené modré škodovce v lese na Příbramsku nalezl ve čtvrtek ráno náhodný chodec mrtvou čtyřčlennou rodinu. Do vozu proudily přes hadici výfukové plyny, které otrávily 45letého muže, jeho o čtyři roky mladší manželku i jejich syny ve věku 11 a 12 let. „Rodina byla nalezena po 8. hodině u hájovny Hlubeč ve Vysokém Chlumci u Sedlčan. Vozidlo mělo od výfuku dovnitř zavedenou hadici a bylo zevnitř uzavřeno,“ potvrdil Novinkám mluvčí středočeské policie Pavel Truxa. Přivolaní kriminalisté zjistili, že rodina z Ratiboře na Písecku zmizela již v neděli a policisté po nich až do dnešního rána marně pátrali. „Lékař neshledal při prvotním ohledání žádné cizí zavinění, bude provedena pitva,“ dodal Truxa k tragédii. Rodina patřila k jehovistům Důvody, proč se rodiče rozhodli odejít ze života a vzít s sebou i syna Martina a Vojtěcha, policie zatím nezná. Nenalezla totiž dopis na rozloučenou. Rodina podle ratibořských obyvatel patřila k jehovistům. Policejní mluvčí Truxa informaci o tom, že rodiče byli členy sekty Svědků Jehovových nepotvrdil: „Nevíme o tom, ale nemohu to ani vyloučit.“ Právní zástupce jehovistů Lubomír Müller sdělil Právu, že členství rodičů jsou v této církvi není jednoznačné. „Je to tak půl na půl,“ řekl",2025-06-18T22:12:34.061678
sekty.tv,web,PATRIK KOŘENÁŘ vs. Reptiliáni a Soňa Peková,https://sekty.tv/2025/04/06/patrik-korenar-vs-reptiliani-a-sona-pekova/,,2025-06-18T22:12:34.159192
sekty.tv,web,"Znakem sektářství je poslušnost, která jde za hranici smrti",https://sekty.tv/2025/03/28/znakem-sektarstvi-je-poslusnost-ktera-jde-za-hranici-smrti/,"Původní článek: https://katyd.cirkev.cz/clanky/znakem-sektarstvi-je-poslusnost-ktera-jde-za-hranici-smrti.html?media=touch Svědkové Jehovovi by nemuseli být sektou, kdyby… Začněme otázkou: Co to je sekta? Pod tímto pojmem rozumíme takovou náboženskou skupinu nebo skupinu para-náboženskou (uctívající třeba létající talíře UFO), která funguje specifickým mocenským způsobem. Tento způsob fungování by šlo nazvat totalitou: vůdce sekty nebo její kolektivní vedení v sobě zahrnuje dvojí typ autority. Jednak autoritu znaleckou – cokoliv, ale opravdu cokoliv prohlásí vůdce za pravdu, všichni jeho žáci uznají za neochvějnou pravdu ; a autoritu šéfovskou – cokoliv, ale opravdu cokoliv prohlásí vůdce za správné, všichni jeho žáci přijímají neochvějně za zavazující pro jejich svědomí. Právě v souvislosti s autoritou v sektách hrozí zneužití moci. V první vlně tzv. sektářských válek, která zahrnovala období 90. let minulého století, se extrémní zneužívání moci v sektách projevovalo zejména masovými sebevraždami. Neuplynul rok, aby se nehovořilo o nějakém takovém případu (počínaje Koreshovými davidovskými adventisty, přes opakované sebevraždy členů okultního Řádu chrámu slunce, až třeba po případ UFO-sekty Nebeská brána). Výjimkou byl útok buddhistické sekty Óm-šinrikjó v roce 1975, kdy v tokijském metru zahynulo po útoku bojovým plynem sarinem dvanáct nevinných lidí, kteří s touto sektou neměli nic společného. Co ale bylo původně výjimkou, se po roce 2000, v době druhé vlny tzv. sektářských válek, stalo pravidlem: teroristické útoky muslimských sekt typu Al-Káidy, Hamásu nebo Islámského džihádu jsou sice také sebevraždami, ale současně jsou vedeny účelem zavraždit co nejvíce lidí, kteří s touto skupinou ani s islámem nemají vůbec nic společného. U svědků Jehovových samozřejmě nehrozí žádné teroristické útoky proti lidem vně. Hrozí však zneužití moci nad samotnými svědky. Představitelé českých svědků Jehovových Ondřej Kadlec a Eduard Sobička při žádosti o registraci této společnosti v roce 1993 podepsali prohlášení, že svědkové Jehovovi neučí odmítání krevní transfuze. Titíž lidé ale ve skutečnosti hlásají, že pod hrozbou sankce exkomunikace musejí svědkové Jehovovi krevní transfuzi i nadále odmítat, neboť je to – prý – striktní příkaz Boží. A skutečně mnozí svědkové Jehovovi raději zemřou, než by neposlechli tohoto příkazu a umožnili sobě či svým dětem aplikaci transfuze, zachraňující život. Jednají tak i přesto, že většinou vědí, že totéž vedení své pravdy v minulosti občas velmi radikálně měnilo, totéž vedení je zapsáno v Cibulkových seznamech a titíž lidé jsou v současné době podezřelí z napojení na velmi pochybné finanční zdroje (po sérii pořadů televize Nova Na vlastní oči bylo toto vedení před několika měsíci téměř kompletně vyměněno). Zákonem o církvích tedy stát negarantuje, že náboženská skupina, která je podle jeho kritérií registrována, není sektou. Stát tuto skupinu registruje a při splnění určitých podmínek jí poskytuje určitá privilegia. Registrace podle tohoto zákona však vypovídá o dané náboženské skupině jen málo (podobně jako třeba zápis v obchodním rejstříku o nějaké finanční skupině). Z hlediska její solidnosti neříká pak téměř nic. O tom, zda jsou, nebo nejsou svědkové Jehovovi sektou, nerozhodují tedy státní úředníci, ale svědkové Jehovovi sami. S jistou nadsázkou se dá říci, že ukazatelem toho, zda svědkové Jehovovi jsou, či nejsou sektou, je právě jejich učení o transfuzi. Poslušnost učení, která jde až za hranice smrti, je znakem sektářství. Současně je zde ale optimistický prvek: až jednou v ústředním časopisu svědků jehovových Strážná věž vyjde článek s „novou pravdou“, že Bible vlastně transfuzi nezakazuje, bude moci veřejnost reálně uvažovat o tom, že svědkové Jehovovi sektou přestávají být – že se stávají sice okrajovou, ale vcelku etablovanou náboženskou skupinkou na okraji křesťanství. MUDr. PROKOP REMEŠ,",2025-06-18T22:12:34.195000
